Material,Country of Origin,Average kg Co2e per kg material,Emissions (CO2e)
Acrylic,Afghanistan,399297.2744777774,74115594488758.84
Acrylic,Albania,399297.2744777774,21095551927721.42
Acrylic,Algeria,399297.2744777775,1.0001369054042558e+16
Acrylic,American Samoa,399297.2744777774,75609764319785.17
Acrylic,Angola,399297.2744777774,757886443850329.8
Acrylic,Antarctica,399297.2744777774,0.0
Acrylic,Antigua and Barbuda,399297.2744777774,121364288763771.39
Acrylic,Argentina,399297.2744777775,2.28224697248023e+16
Acrylic,Armenia,399297.2744777774,835373472296503.9
Acrylic,Aruba,399297.2744777774,358007769649124.6
Acrylic,Australia,399297.2744777775,1.0098316528731493e+17
Acrylic,Austria,399297.2744777775,4790085447081948.0
Acrylic,Azerbaijan,399297.2744777775,4746781615568368.0
Acrylic,Bahamas,399297.2744777774,831960242907959.5
Acrylic,Bahrain,399297.2744777774,8219514681833529.0
Acrylic,Bangladesh,399297.2744777775,9799486039902966.0
Acrylic,Barbados,399297.2744777774,425790944193979.9
Acrylic,Belarus,399297.2744777775,6752417372540500.0
Acrylic,Belgium,399297.2744777775,7887431953759311.0
Acrylic,Belize,399297.2744777774,14466863323098.457
Acrylic,Benin,399297.2744777774,58254970355986.09
Acrylic,Bermuda,399297.2744777774,289624274843736.7
Acrylic,Bhutan,399297.2744777774,326314245337.6458
Acrylic,Bolivia,399297.2744777774,1600074291766164.5
Acrylic,Bosnia and Herzegovina,399297.2744777774,5141033039301138.0
Acrylic,Botswana,399297.2744777774,773730219468468.6
Acrylic,Brazil,399297.2744777775,2.0315135909561532e+16
Acrylic,British Virgin Islands,399297.2744777774,53642533284901.23
Acrylic,Brunei,399297.2744777774,1316302824822943.0
Acrylic,Bulgaria,399297.2744777775,7656155429030278.0
Acrylic,Burkina Faso,399297.2744777774,248659595921215.34
Acrylic,Burundi,399297.2744777774,10061793584681.145
Acrylic,Cambodia,399297.2744777774,749710866991500.0
Acrylic,Cameroon,399297.2744777774,574759106072669.9
Acrylic,Canada,399297.2744777775,6.7255672357615176e+16
Acrylic,Cayman Islands,399297.2744777774,248628270053791.12
Acrylic,Central African Republic,399297.2744777774,7338131339163.429
Acrylic,Chad,399297.2744777774,73808995892996.56
Acrylic,Chile,399297.2744777775,9485482045544008.0
Acrylic,China,399297.2744777775,1.2569574126248397e+18
Acrylic,Colombia,399297.2744777775,3877166464806355.5
Acrylic,Comoros,399297.2744777774,22322025290399.984
Acrylic,Congo,399297.2744777774,265763406576680.56
Acrylic,Cook Islands,399297.2744777774,12988042278212.572
Acrylic,Costa Rica,399297.2744777774,168133684987712.66
Acrylic,Croatia,399297.2744777775,1776005755896481.5
Acrylic,Cuba,399297.2744777774,7132025981552039.0
Acrylic,Cyprus,399297.2744777775,1147990030807948.0
Acrylic,Czechia,399297.2744777775,1.7311396099001168e+16
Acrylic,Democratic Republic of Congo,399297.2744777774,8895451464519.662
Acrylic,Denmark,399297.2744777775,6777377719674366.0
Acrylic,Djibouti,399297.2744777774,98231917681316.56
Acrylic,Dominica,399297.2744777774,26111142188434.29
Acrylic,Dominican Republic,399297.2744777774,5813588972285523.0
Acrylic,Ecuador,399297.2744777775,1755961663084094.8
Acrylic,Egypt,399297.2744777775,3.2368997466811772e+16
Acrylic,El Salvador,399297.2744777774,914746241982138.0
Acrylic,Equatorial Guinea,399297.2744777774,209270967899176.12
Acrylic,Eritrea,399297.2744777774,134169402982629.4
Acrylic,Estonia,399297.2744777775,2547820284825324.0
Acrylic,Ethiopia,399297.2744777774,27635342597675.246
Acrylic,Falkland Islands,399297.2744777774,6167631861750.858
Acrylic,Fiji,399297.2744777774,147137786872182.84
Acrylic,Finland,399297.2744777775,6928863971277143.0
Acrylic,France,399297.2744777775,1.4883646654572658e+16
Acrylic,French Guiana,399297.2744777774,110825277695814.34
Acrylic,French Polynesia,399297.2744777774,180872182067355.44
Acrylic,Gabon,399297.2744777774,357508229270960.25
Acrylic,Gambia,399297.2744777774,101582097275321.14
Acrylic,Georgia,399297.2744777774,597748420223582.1
Acrylic,Germany,399297.2744777775,2.001366070194043e+17
Acrylic,Ghana,399297.2744777774,1199173917036806.8
Acrylic,Gibraltar,399297.2744777774,71877221563159.11
Acrylic,Greece,399297.2744777775,1.4282539866517064e+16
Acrylic,Greenland,399297.2744777774,63046403262223.53
Acrylic,Grenada,399297.2744777774,81596981694777.14
Acrylic,Guadeloupe,399297.2744777774,615532661083446.8
Acrylic,Guam,399297.2744777774,775024158300703.2
Acrylic,Guatemala,399297.2744777774,1785268803197162.5
Acrylic,Guinea,399297.2744777774,261479078771478.8
Acrylic,Guinea-Bissau,399297.2744777774,14113522544955.432
Acrylic,Guyana,399297.2744777774,381612842443611.4
Acrylic,Haiti,399297.2744777774,241643164358296.06
Acrylic,Honduras,399297.2744777774,1509355382401286.5
Acrylic,Hong Kong,399297.2744777775,9003281065951596.0
Acrylic,Hungary,399297.2744777775,4765746851247744.0
Acrylic,Iceland,399297.2744777775,834270286867.9052
Acrylic,India,399297.2744777775,3.041069560515089e+17
Acrylic,Indonesia,399297.2744777775,4.9908090485115896e+16
Acrylic,Iran,399297.2744777775,5.824844757728638e+16
Acrylic,Iraq,399297.2744777775,1.0816831316416204e+16
Acrylic,Ireland,399297.2744777775,5775961363295284.0
Acrylic,Israel,399297.2744777775,1.4358692077712654e+16
Acrylic,Italy,399297.2744777775,8.665608905181403e+16
Acrylic,Jamaica,399297.2744777774,2078408365456899.2
Acrylic,Japan,399297.2744777775,3.06376774236385e+17
Acrylic,Jordan,399297.2744777774,5063289905269419.0
Acrylic,Kazakhstan,399297.2744777775,3.869196025192969e+16
Acrylic,Kenya,399297.2744777774,788183735026370.1
Acrylic,Kiribati,399297.2744777774,9506556653088.0
Acrylic,Kosovo,399297.2744777774,1906273919414798.8
Acrylic,Kuwait,399297.2744777775,1.1273031859336982e+16
Acrylic,Kyrgyzstan,399297.2744777774,912357551902815.8
Acrylic,Laos,399297.2744777774,1372502914075270.5
Acrylic,Latvia,399297.2744777775,499636435202835.25
Acrylic,Lebanon,399297.2744777774,5814592037348827.0
Acrylic,Lesotho,399297.2744777774,0.0
Acrylic,Liberia,399297.2744777774,119983699636566.84
Acrylic,Libya,399297.2744777774,1.0251230792404934e+16
Acrylic,Lithuania,399297.2744777775,544051059634175.1
Acrylic,Luxembourg,399297.2744777775,399944404096547.6
Acrylic,Madagascar,399297.2744777774,389462117098711.25
Acrylic,Malawi,399297.2744777774,67099984533261.73
Acrylic,Malaysia,399297.2744777775,3.2184234993130324e+16
Acrylic,Maldives,399297.2744777774,151542166316036.56
Acrylic,Mali,399297.2744777774,348897231985894.3
Acrylic,Malta,399297.2744777774,864326420593513.8
Acrylic,Martinique,399297.2744777774,624956682516973.8
Acrylic,Mauritania,399297.2744777774,224770365227326.34
Acrylic,Mauritius,399297.2744777774,915306557868083.4
Acrylic,Mexico,399297.2744777775,7.1125437477258856e+16
Acrylic,Moldova,399297.2744777774,2929811411197545.5
Acrylic,Mongolia,399297.2744777774,2535720282360598.5
Acrylic,Montenegro,399297.2744777774,518218595696899.06
Acrylic,Montserrat,399297.2744777774,8658694852141.713
Acrylic,Morocco,399297.2744777775,6022062033487460.0
Acrylic,Mozambique,399297.2744777774,350167824175029.3
Acrylic,Namibia,399297.2744777774,22463859799052.715
Acrylic,Nauru,399297.2744777774,12237722100384.0
Acrylic,Nepal,399297.2744777774,4547840661854.537
Acrylic,Netherlands,399297.2744777775,3.742657200889347e+16
Acrylic,Netherlands Antilles,399297.2744777774,427040677482171.1
Acrylic,New Caledonia,399297.2744777774,805011015590496.0
Acrylic,New Zealand,399297.2744777775,3315579307857966.0
Acrylic,Nicaragua,399297.2744777774,899246477911062.8
Acrylic,Niger,399297.2744777774,154681032553578.12
Acrylic,Nigeria,399297.2744777774,7352720589658155.0
Acrylic,Niue,399297.2744777774,1350576320091.429
Acrylic,North Korea,399297.2744777774,3893335847845377.0
Acrylic,North Macedonia,399297.2744777775,0.0
Acrylic,Norway,399297.2744777775,421606507802091.2
Acrylic,Oman,399297.2744777775,4420087694283419.0
Acrylic,Pakistan,399297.2744777775,1.6232310985012938e+16
Acrylic,Palestine,399297.2744777774,162007031900247.22
Acrylic,Panama,399297.2744777774,1228789237984357.5
Acrylic,Papua New Guinea,399297.2744777774,986077924568767.4
Acrylic,Paraguay,399297.2744777774,2093693424212.8374
Acrylic,Peru,399297.2744777775,3046340742492722.5
Acrylic,Philippines,399297.2744777775,1.4240671795399246e+16
Acrylic,Poland,399297.2744777775,8.37028509560756e+16
Acrylic,Portugal,399297.2744777775,8190450729348430.0
Acrylic,Puerto Rico,399297.2744777774,9408272212994234.0
Acrylic,Qatar,399297.2744777775,5640476156825105.0
Acrylic,Reunion,399297.2744777774,801859670843616.0
Acrylic,Romania,399297.2744777775,9491473563199176.0
Acrylic,Russia,399297.2744777775,2.8627236589561885e+17
Acrylic,Rwanda,399297.2744777774,68591384795397.12
Acrylic,Saint Helena,399297.2744777774,3383944002006.8584
Acrylic,Saint Kitts and Nevis,399297.2744777774,72105769089325.72
Acrylic,Saint Lucia,399297.2744777774,149417964873393.2
Acrylic,Saint Pierre and Miquelon,399297.2744777774,19643382255552.0
Acrylic,Saint Vincent and the Grenadines,399297.2744777774,46811943167398.3
Acrylic,Samoa,399297.2744777774,31573473083026.285
Acrylic,Sao Tome and Principe,399297.2744777774,21639233928576.0
Acrylic,Saudi Arabia,399297.2744777775,7.222980822385074e+16
Acrylic,Senegal,399297.2744777774,1170006517055738.2
Acrylic,Serbia,399297.2744777774,1.0778944428811074e+16
Acrylic,Seychelles,399297.2744777774,139229412197869.7
Acrylic,Sierra Leone,399297.2744777774,30958210537206.85
Acrylic,Singapore,399297.2744777775,9560283782830638.0
Acrylic,Slovakia,399297.2744777775,2190833760370243.0
Acrylic,Slovenia,399297.2744777775,2145316095380077.8
Acrylic,Solomon Islands,399297.2744777774,35422615595286.84
Acrylic,Somalia,399297.2744777774,134247286217087.95
Acrylic,South Africa,399297.2744777775,1.1521926558050314e+17
Acrylic,South Korea,399297.2744777775,1.0971744230059275e+17
Acrylic,South Sudan,399297.2744777774,87182252550506.33
Acrylic,Spain,399297.2744777775,5.6745768797473736e+16
Acrylic,Sri Lanka,399297.2744777775,1630792930300968.2
Acrylic,Sudan,399297.2744777774,1369327645336073.2
Acrylic,Suriname,399297.2744777774,380679144014321.56
Acrylic,Sweden,399297.2744777775,1343287224352679.0
Acrylic,Switzerland,399297.2744777775,223821259366440.72
Acrylic,Syria,399297.2744777774,1.0808766563757e+16
Acrylic,Taiwan,399297.2744777775,6.993429525782748e+16
Acrylic,Tajikistan,399297.2744777774,175352826839248.44
Acrylic,Tanzania,399297.2744777774,972972498834709.1
Acrylic,Thailand,399297.2744777775,4.232427907937624e+16
Acrylic,Togo,399297.2744777774,61461609650984.0
Acrylic,Tonga,399297.2744777774,21181538620100.574
Acrylic,Trinidad and Tobago,399297.2744777775,1706381230446622.2
Acrylic,Tunisia,399297.2744777774,5727665028508497.0
Acrylic,Turkey,399297.2744777775,4.950960816878048e+16
Acrylic,Turkmenistan,399297.2744777775,3788544528587779.5
Acrylic,Turks and Caicos Islands,399297.2744777774,75444693880662.83
Acrylic,Uganda,399297.2744777774,143785656445715.9
Acrylic,Ukraine,399297.2744777775,5.859046118175508e+16
Acrylic,United Arab Emirates,399297.2744777775,2.199987543827798e+16
Acrylic,United Kingdom,399297.2744777775,1.2216987155037298e+17
Acrylic,United States,399297.2744777775,1.368550473345788e+18
Acrylic,United States Virgin Islands,399297.2744777774,362182168455272.06
Acrylic,Uruguay,399297.2744777774,493712275105914.1
Acrylic,Uzbekistan,399297.2744777775,1.0934517790168044e+16
Acrylic,Vanuatu,399297.2744777774,22167244956573.652
Acrylic,Venezuela,399297.2744777775,7233275638434208.0
Acrylic,Vietnam,399297.2744777775,2.1003512053274052e+16
Acrylic,Western Sahara,399297.2744777774,19358260587977.145
Acrylic,Yemen,399297.2744777774,2184937205041839.0
Acrylic,Zambia,399297.2744777774,240377492653173.56
Acrylic,Zimbabwe,399297.2744777774,2065365747816775.0
Cotton,Afghanistan,399297.2744777774,74115594489493.33
Cotton,Albania,399297.2744777774,21095551923169.4
Cotton,Algeria,399297.2744777775,1.000136905414167e+16
Cotton,American Samoa,399297.2744777774,75609764303470.0
Cotton,Angola,399297.2744777774,757886443773201.9
Cotton,Antarctica,399297.2744777774,0.0
Cotton,Antigua and Barbuda,399297.2744777774,121364288737583.31
Cotton,Argentina,399297.2744777775,2.282246972405555e+16
Cotton,Armenia,399297.2744777774,835373472304782.2
Cotton,Aruba,399297.2744777774,358007769571873.3
Cotton,Australia,399297.2744777775,1.0098316528453291e+17
Cotton,Austria,399297.2744777775,4790085446869774.0
Cotton,Azerbaijan,399297.2744777775,4746781614865906.0
Cotton,Bahamas,399297.2744777774,831960242728438.2
Cotton,Bahrain,399297.2744777774,8219514681912437.0
Cotton,Bangladesh,399297.2744777775,9799486039449944.0
Cotton,Barbados,399297.2744777774,425790944102102.25
Cotton,Belarus,399297.2744777775,6752417372607415.0
Cotton,Belgium,399297.2744777775,7887431953539272.0
Cotton,Belize,399297.2744777774,14466863319976.785
Cotton,Benin,399297.2744777774,58254970351745.91
Cotton,Bermuda,399297.2744777774,289624274781241.3
Cotton,Bhutan,399297.2744777774,326314245267.23334
Cotton,Bolivia,399297.2744777774,1600074291782021.2
Cotton,Bosnia and Herzegovina,399297.2744777774,5141033039154948.0
Cotton,Botswana,399297.2744777774,773730219446467.1
Cotton,Brazil,399297.2744777775,2.0315135908279864e+16
Cotton,British Virgin Islands,399297.2744777774,53642533273326.18
Cotton,Brunei,399297.2744777774,1316302824835987.2
Cotton,Bulgaria,399297.2744777775,7656155428804396.0
Cotton,Burkina Faso,399297.2744777774,248659595867559.34
Cotton,Burundi,399297.2744777774,10061793582510.0
Cotton,Cambodia,399297.2744777774,749710866906988.8
Cotton,Cameroon,399297.2744777774,574759106048365.4
Cotton,Canada,399297.2744777775,6.725567235526174e+16
Cotton,Cayman Islands,399297.2744777774,248628270000141.9
Cotton,Central African Republic,399297.2744777774,7338131337580.0
Cotton,Chad,399297.2744777774,73808995877070.0
Cotton,Chile,399297.2744777775,9485482044915262.0
Cotton,China,399297.2744777775,1.25695741258427e+18
Cotton,Colombia,399297.2744777775,3877166464743063.0
Cotton,Comoros,399297.2744777774,22322025285583.316
Cotton,Congo,399297.2744777774,265763406567429.1
Cotton,Cook Islands,399297.2744777774,12988042275410.0
Cotton,Costa Rica,399297.2744777774,168133684951432.66
Cotton,Croatia,399297.2744777775,1776005755802951.2
Cotton,Cuba,399297.2744777774,7132025980165041.0
Cotton,Cyprus,399297.2744777775,1147990030560233.8
Cotton,Czechia,399297.2744777775,1.7311396098388954e+16
Cotton,Democratic Republic of Congo,399297.2744777774,8895451462784.137
Cotton,Denmark,399297.2744777775,6777377719431405.0
Cotton,Djibouti,399297.2744777774,98231917660120.0
Cotton,Dominica,399297.2744777774,26111142182800.0
Cotton,Dominican Republic,399297.2744777774,5813588971556372.0
Cotton,Ecuador,399297.2744777775,1755961662904972.2
Cotton,Egypt,399297.2744777775,3.2368997465392144e+16
Cotton,El Salvador,399297.2744777774,914746241784753.2
Cotton,Equatorial Guinea,399297.2744777774,209270967901249.9
Cotton,Eritrea,399297.2744777774,134169402953678.2
Cotton,Estonia,399297.2744777775,2547820284289799.5
Cotton,Ethiopia,399297.2744777774,27635342591712.066
Cotton,Falkland Islands,399297.2744777774,6167631860420.0
Cotton,Fiji,399297.2744777774,147137786840433.3
Cotton,Finland,399297.2744777775,6928863970858795.0
Cotton,France,399297.2744777775,1.4883646653796274e+16
Cotton,French Guiana,399297.2744777774,110825277688473.83
Cotton,French Polynesia,399297.2744777774,180872182028326.66
Cotton,Gabon,399297.2744777774,357508229265537.56
Cotton,Gambia,399297.2744777774,101582097253401.66
Cotton,Georgia,399297.2744777774,597748420229505.6
Cotton,Germany,399297.2744777775,2.0013660701292397e+17
Cotton,Ghana,399297.2744777774,1199173917048690.5
Cotton,Gibraltar,399297.2744777774,71877221547649.4
Cotton,Greece,399297.2744777775,1.4282539865849326e+16
Cotton,Greenland,399297.2744777774,63046403248619.32
Cotton,Grenada,399297.2744777774,81596981677170.05
Cotton,Guadeloupe,399297.2744777774,615532660950626.5
Cotton,Guam,399297.2744777774,775024158133467.8
Cotton,Guatemala,399297.2744777774,1785268802896450.8
Cotton,Guinea,399297.2744777774,261479078715056.56
Cotton,Guinea-Bissau,399297.2744777774,14113522541910.0
Cotton,Guyana,399297.2744777774,381612842361266.6
Cotton,Haiti,399297.2744777774,241643164306154.06
Cotton,Honduras,399297.2744777774,1509355382089466.5
Cotton,Hong Kong,399297.2744777775,9003281064008860.0
Cotton,Hungary,399297.2744777775,4765746851142767.0
Cotton,Iceland,399297.2744777775,834270286687.8857
Cotton,India,399297.2744777775,3.041069560428499e+17
Cotton,Indonesia,399297.2744777775,4.990809048288044e+16
Cotton,Iran,399297.2744777775,5.824844757363419e+16
Cotton,Iraq,399297.2744777775,1.0816831315127812e+16
Cotton,Ireland,399297.2744777775,5775961363065591.0
Cotton,Israel,399297.2744777775,1.4358692077560308e+16
Cotton,Italy,399297.2744777775,8.665608904513544e+16
Cotton,Jamaica,399297.2744777774,2078408365082320.2
Cotton,Japan,399297.2744777775,3.063767742166339e+17
Cotton,Jordan,399297.2744777774,5063289905197915.0
Cotton,Kazakhstan,399297.2744777775,3.869196025064949e+16
Cotton,Kenya,399297.2744777774,788183734856295.2
Cotton,Kiribati,399297.2744777774,9506556651036.666
Cotton,Kosovo,399297.2744777774,1906273919360592.0
Cotton,Kuwait,399297.2744777775,1.1273031859448696e+16
Cotton,Kyrgyzstan,399297.2744777774,912357551867900.4
Cotton,Laos,399297.2744777774,1372502914036242.2
Cotton,Latvia,399297.2744777775,499636435205763.7
Cotton,Lebanon,399297.2744777774,5814592036639079.0
Cotton,Lesotho,399297.2744777774,0.0
Cotton,Liberia,399297.2744777774,119983699610676.66
Cotton,Libya,399297.2744777774,1.025123079234382e+16
Cotton,Lithuania,399297.2744777775,544051059616777.25
Cotton,Luxembourg,399297.2744777775,399944404097452.8
Cotton,Madagascar,399297.2744777774,389462117068583.56
Cotton,Malawi,399297.2744777774,67099984533926.664
Cotton,Malaysia,399297.2744777775,3.2184234992313664e+16
Cotton,Maldives,399297.2744777774,151542166283336.66
Cotton,Mali,399297.2744777774,348897231910609.0
Cotton,Malta,399297.2744777774,864326420433955.9
Cotton,Martinique,399297.2744777774,624956682382120.0
Cotton,Mauritania,399297.2744777774,224770365200918.94
Cotton,Mauritius,399297.2744777774,915306557725247.8
Cotton,Mexico,399297.2744777775,7.112543747134716e+16
Cotton,Moldova,399297.2744777774,2929811411122892.5
Cotton,Mongolia,399297.2744777774,2535720282288493.5
Cotton,Montenegro,399297.2744777774,518218595682163.1
Cotton,Montserrat,399297.2744777774,8658694850273.332
Cotton,Morocco,399297.2744777775,6022062033193378.0
Cotton,Mozambique,399297.2744777774,350167824099469.8
Cotton,Namibia,399297.2744777774,22463859797271.168
Cotton,Nauru,399297.2744777774,12237722097743.332
Cotton,Nepal,399297.2744777774,4547840660873.2
Cotton,Netherlands,399297.2744777775,3.742657200818859e+16
Cotton,Netherlands Antilles,399297.2744777774,427040677390023.94
Cotton,New Caledonia,399297.2744777774,805011015416790.0
Cotton,New Zealand,399297.2744777775,3315579307768535.5
Cotton,Nicaragua,399297.2744777774,899246477741399.1
Cotton,Niger,399297.2744777774,154681032528637.44
Cotton,Nigeria,399297.2744777774,7352720589731019.0
Cotton,Niue,399297.2744777774,1350576319799.9998
Cotton,North Korea,399297.2744777774,3893335847734665.5
Cotton,North Macedonia,399297.2744777775,0.0
Cotton,Norway,399297.2744777775,421606507806029.2
Cotton,Oman,399297.2744777775,4420087694327221.0
Cotton,Pakistan,399297.2744777775,1.6232310982762862e+16
Cotton,Palestine,399297.2744777774,162007031865289.2
Cotton,Panama,399297.2744777774,1228789237852994.5
Cotton,Papua New Guinea,399297.2744777774,986077924423933.4
Cotton,Paraguay,399297.2744777774,2093693423761.0588
Cotton,Peru,399297.2744777775,3046340742517045.5
Cotton,Philippines,399297.2744777775,1.4240671794663076e+16
Cotton,Poland,399297.2744777775,8.370285095347178e+16
Cotton,Portugal,399297.2744777775,8190450729007643.0
Cotton,Puerto Rico,399297.2744777774,9408272210964110.0
Cotton,Qatar,399297.2744777775,5640476156881001.0
Cotton,Reunion,399297.2744777774,801859670670590.0
Cotton,Romania,399297.2744777775,9491473562932760.0
Cotton,Russia,399297.2744777775,2.8627236588970192e+17
Cotton,Rwanda,399297.2744777774,68591384782945.8
Cotton,Saint Helena,399297.2744777774,3383944001276.6665
Cotton,Saint Kitts and Nevis,399297.2744777774,72105769073766.66
Cotton,Saint Lucia,399297.2744777774,149417964841151.66
Cotton,Saint Pierre and Miquelon,399297.2744777774,19643382251313.33
Cotton,Saint Vincent and the Grenadines,399297.2744777774,46811943157297.16
Cotton,Samoa,399297.2744777774,31573473076213.332
Cotton,Sao Tome and Principe,399297.2744777774,21639233923906.668
Cotton,Saudi Arabia,399297.2744777775,7.22298082156988e+16
Cotton,Senegal,399297.2744777774,1170006516803272.8
Cotton,Serbia,399297.2744777774,1.0778944428504566e+16
Cotton,Seychelles,399297.2744777774,139229412167826.66
Cotton,Sierra Leone,399297.2744777774,30958210530526.668
Cotton,Singapore,399297.2744777775,9560283782220464.0
Cotton,Slovakia,399297.2744777775,2190833760280771.5
Cotton,Slovenia,399297.2744777775,2145316095321392.8
Cotton,Solomon Islands,399297.2744777774,35422615587643.32
Cotton,Somalia,399297.2744777774,134247286188120.0
Cotton,South Africa,399297.2744777775,1.1521926557704795e+17
Cotton,South Korea,399297.2744777775,1.097174422965401e+17
Cotton,South Sudan,399297.2744777774,87182252531694.05
Cotton,Spain,399297.2744777775,5.6745768795040184e+16
Cotton,Sri Lanka,399297.2744777775,1630792930016958.5
Cotton,Sudan,399297.2744777774,1369327645118149.5
Cotton,Suriname,399297.2744777774,380679143932178.2
Cotton,Sweden,399297.2744777775,1343287224159263.8
Cotton,Switzerland,399297.2744777775,223821259318144.34
Cotton,Syria,399297.2744777774,1.0808766562430428e+16
Cotton,Taiwan,399297.2744777775,6.993429525471263e+16
Cotton,Tajikistan,399297.2744777774,175352826801410.66
Cotton,Tanzania,399297.2744777774,972972498783672.5
Cotton,Thailand,399297.2744777775,4.2324279078599416e+16
Cotton,Togo,399297.2744777774,61461609640395.266
Cotton,Tonga,399297.2744777774,21181538615530.0
Cotton,Trinidad and Tobago,399297.2744777775,1706381230394696.8
Cotton,Tunisia,399297.2744777774,5727665028565257.0
Cotton,Turkey,399297.2744777775,4.9509608167717064e+16
Cotton,Turkmenistan,399297.2744777775,3788544528032586.5
Cotton,Turks and Caicos Islands,399297.2744777774,75444693864383.31
Cotton,Uganda,399297.2744777774,143785656414689.72
Cotton,Ukraine,399297.2744777775,5.859046117949345e+16
Cotton,United Arab Emirates,399297.2744777775,2.1999875438495748e+16
Cotton,United Kingdom,399297.2744777775,1.221698715471458e+17
Cotton,United States,399297.2744777775,1.368550473310734e+18
Cotton,United States Virgin Islands,399297.2744777774,362182168377120.0
Cotton,Uruguay,399297.2744777774,493712275039700.06
Cotton,Uzbekistan,399297.2744777775,1.093451779005167e+16
Cotton,Vanuatu,399297.2744777774,22167244951790.383
Cotton,Venezuela,399297.2744777775,7233275638505889.0
Cotton,Vietnam,399297.2744777775,2.10035120528044e+16
Cotton,Western Sahara,399297.2744777774,19358260583799.996
Cotton,Yemen,399297.2744777774,2184937204660484.5
Cotton,Zambia,399297.2744777774,240377492627793.2
Cotton,Zimbabwe,399297.2744777774,2065365747758044.8
Linen,Afghanistan,399297.2744777774,74115594484352.0
Linen,Albania,399297.2744777774,21095551926918.117
Linen,Algeria,399297.2744777775,1.0001369053447884e+16
Linen,American Samoa,399297.2744777774,75609764316906.0
Linen,Angola,399297.2744777774,757886443813284.4
Linen,Antarctica,399297.2744777774,0.0
Linen,Antigua and Barbuda,399297.2744777774,121364288759149.98
Linen,Argentina,399297.2744777775,2.2822469723566372e+16
Linen,Armenia,399297.2744777774,835373472246833.5
Linen,Aruba,399297.2744777774,358007769635492.0
Linen,Australia,399297.2744777775,1.0098316528409427e+17
Linen,Austria,399297.2744777775,4790085446866898.0
Linen,Azerbaijan,399297.2744777775,4746781615357129.0
Linen,Bahamas,399297.2744777774,831960242876279.1
Linen,Bahrain,399297.2744777774,8219514681345044.0
Linen,Bangladesh,399297.2744777775,9799486039382874.0
Linen,Barbados,399297.2744777774,425790944177766.2
Linen,Belarus,399297.2744777775,6752417372139008.0
Linen,Belgium,399297.2744777775,7887431953365777.0
Linen,Belize,399297.2744777774,14466863322547.576
Linen,Benin,399297.2744777774,58254970352978.695
Linen,Bermuda,399297.2744777774,289624274832708.1
Linen,Bhutan,399297.2744777774,326314245325.22
Linen,Bolivia,399297.2744777774,1600074291671025.5
Linen,Bosnia and Herzegovina,399297.2744777774,5141033039154948.0
Linen,Botswana,399297.2744777774,773730219446466.8
Linen,Brazil,399297.2744777775,2.0315135908685092e+16
Linen,British Virgin Islands,399297.2744777774,53642533282858.57
Linen,Brunei,399297.2744777774,1316302824744677.0
Linen,Bulgaria,399297.2744777775,7656155428797220.0
Linen,Burkina Faso,399297.2744777774,248659595911746.6
Linen,Burundi,399297.2744777774,10061793584298.0
Linen,Cambodia,399297.2744777774,749710866966928.6
Linen,Cameroon,399297.2744777774,574759106041337.5
Linen,Canada,399297.2744777775,6.725567235524927e+16
Linen,Cayman Islands,399297.2744777774,248628270044323.6
Linen,Central African Republic,399297.2744777774,7338131338884.0
Linen,Chad,399297.2744777774,73808995890186.0
Linen,Chile,399297.2744777775,9485482045188846.0
Linen,China,399297.2744777775,1.2569574125880658e+18
Linen,Colombia,399297.2744777775,3877166464629598.0
Linen,Comoros,399297.2744777774,22322025289549.984
Linen,Congo,399297.2744777774,265763406562004.3
Linen,Cook Islands,399297.2744777774,12988042277718.0
Linen,Costa Rica,399297.2744777774,168133684981310.3
Linen,Croatia,399297.2744777775,1776005755824624.5
Linen,Cuba,399297.2744777774,7132025981266066.0
Linen,Cyprus,399297.2744777775,1147990030764233.8
Linen,Czechia,399297.2744777775,1.7311396098485964e+16
Linen,Democratic Republic of Congo,399297.2744777774,8895451464163.508
Linen,Denmark,399297.2744777775,6777377719436478.0
Linen,Djibouti,399297.2744777774,98231917677576.0
Linen,Dominica,399297.2744777774,26111142187440.0
Linen,Dominican Republic,399297.2744777774,5813588972056783.0
Linen,Ecuador,399297.2744777775,1755961662998304.5
Linen,Egypt,399297.2744777775,3.2368997465051988e+16
Linen,El Salvador,399297.2744777774,914746241947305.5
Linen,Equatorial Guinea,399297.2744777774,209270967886733.0
Linen,Eritrea,399297.2744777774,134169402977520.36
Linen,Estonia,399297.2744777775,2547820284726973.5
Linen,Ethiopia,399297.2744777774,27635342596622.926
Linen,Falkland Islands,399297.2744777774,6167631861516.0
Linen,Fiji,399297.2744777774,147137786866579.97
Linen,Finland,399297.2744777775,6928863971005594.0
Linen,France,399297.2744777775,1.4883646653954648e+16
Linen,French Guiana,399297.2744777774,110825277690024.2
Linen,French Polynesia,399297.2744777774,180872182060468.0
Linen,Gabon,399297.2744777774,357508229250552.7
Linen,Gambia,399297.2744777774,101582097271453.0
Linen,Georgia,399297.2744777774,597748420188040.4
Linen,Germany,399297.2744777775,2.001366070129212e+17
Linen,Ghana,399297.2744777774,1199173916965504.8
Linen,Gibraltar,399297.2744777774,71877221560422.11
Linen,Greece,399297.2744777775,1.4282539866013556e+16
Linen,Greenland,399297.2744777774,63046403259822.79
Linen,Grenada,399297.2744777774,81596981691670.0
Linen,Guadeloupe,399297.2744777774,615532661060007.9
Linen,Guam,399297.2744777774,775024158271190.9
Linen,Guatemala,399297.2744777774,1785268803133531.8
Linen,Guinea,399297.2744777774,261479078761521.94
Linen,Guinea-Bissau,399297.2744777774,14113522544418.0
Linen,Guyana,399297.2744777774,381612842429079.94
Linen,Haiti,399297.2744777774,241643164349094.5
Linen,Honduras,399297.2744777774,1509355382342497.5
Linen,Hong Kong,399297.2744777775,9003281065608761.0
Linen,Hungary,399297.2744777775,4765746851042782.0
Linen,Iceland,399297.2744777775,834270286836.1372
Linen,India,399297.2744777775,3.041069560423115e+17
Linen,Indonesia,399297.2744777775,4.990809048326694e+16
Linen,Iran,399297.2744777775,5.8248447574228984e+16
Linen,Iraq,399297.2744777775,1.081683131590525e+16
Linen,Ireland,399297.2744777775,5775961363023764.0
Linen,Israel,399297.2744777775,1.4358692077097284e+16
Linen,Italy,399297.2744777775,8.665608904793358e+16
Linen,Jamaica,399297.2744777774,2078408365370755.0
Linen,Japan,399297.2744777775,3.063767742239503e+17
Linen,Jordan,399297.2744777774,5063289904979885.0
Linen,Kazakhstan,399297.2744777775,3.8691960250697704e+16
Linen,Kenya,399297.2744777774,788183734996356.9
Linen,Kiribati,399297.2744777774,9506556652726.0
Linen,Kosovo,399297.2744777774,1906273919360592.0
Linen,Kuwait,399297.2744777775,1.1273031858666698e+16
Linen,Kyrgyzstan,399297.2744777774,912357551876410.5
Linen,Laos,399297.2744777774,1372502914036242.2
Linen,Latvia,399297.2744777775,499636435173324.94
Linen,Lebanon,399297.2744777774,5814592037075789.0
Linen,Lesotho,399297.2744777774,0.0
Linen,Liberia,399297.2744777774,119983699631997.98
Linen,Libya,399297.2744777774,1.0251230791810824e+16
Linen,Lithuania,399297.2744777775,544051059603985.3
Linen,Luxembourg,399297.2744777775,399944404073057.3
Linen,Madagascar,399297.2744777774,389462117085401.3
Linen,Malawi,399297.2744777774,67099984529272.01
Linen,Malaysia,399297.2744777775,3.218423499169903e+16
Linen,Maldives,399297.2744777774,151542166310266.0
Linen,Mali,399297.2744777774,348897231972608.7
Linen,Malta,399297.2744777774,864326420558048.2
Linen,Martinique,399297.2744777774,624956682493176.0
Linen,Mauritania,399297.2744777774,224770365216674.3
Linen,Mauritius,399297.2744777774,915306557836043.4
Linen,Mexico,399297.2744777775,7.112543747399472e+16
Linen,Moldova,399297.2744777774,2929811411107228.5
Linen,Mongolia,399297.2744777774,2535720282288493.0
Linen,Montenegro,399297.2744777774,518218595682163.06
Linen,Montserrat,399297.2744777774,8658694851811.999
Linen,Morocco,399297.2744777775,6022062033281035.0
Linen,Mozambique,399297.2744777774,350167824161695.3
Linen,Namibia,399297.2744777774,22463859798355.113
Linen,Nauru,399297.2744777774,12237722099917.998
Linen,Nepal,399297.2744777774,4547840661681.36
Linen,Netherlands,399297.2744777775,3.742657200717548e+16
Linen,Netherlands Antilles,399297.2744777774,427040677465909.9
Linen,New Caledonia,399297.2744777774,805011015559842.0
Linen,New Zealand,399297.2744777775,3315579307739504.0
Linen,Nicaragua,399297.2744777774,899246477874511.2
Linen,Niger,399297.2744777774,154681032548122.2
Linen,Nigeria,399297.2744777774,7352720589220968.0
Linen,Niue,399297.2744777774,1350576320040.0
Linen,North Korea,399297.2744777774,3893335847734665.5
Linen,North Macedonia,399297.2744777775,0.0
Linen,Norway,399297.2744777775,421606507777045.6
Linen,Oman,399297.2744777775,4420087694020604.5
Linen,Pakistan,399297.2744777775,1.6232310984320086e+16
Linen,Palestine,399297.2744777774,162007031894078.12
Linen,Panama,399297.2744777774,1228789237934555.5
Linen,Papua New Guinea,399297.2744777774,986077924524781.9
Linen,Paraguay,399297.2744777774,2093693424133.112
Linen,Peru,399297.2744777775,3046340742316335.5
Linen,Philippines,399297.2744777775,1.4240671794878546e+16
Linen,Poland,399297.2744777775,8.370285095363742e+16
Linen,Portugal,399297.2744777775,8190450729019019.0
Linen,Puerto Rico,399297.2744777774,9408272212635978.0
Linen,Qatar,399297.2744777775,5640476156489728.0
Linen,Reunion,399297.2744777774,801859670813082.0
Linen,Romania,399297.2744777775,9491473562859762.0
Linen,Russia,399297.2744777775,2.862723658820251e+17
Linen,Rwanda,399297.2744777774,68591384792562.664
Linen,Saint Helena,399297.2744777774,3383944001878.0
Linen,Saint Kitts and Nevis,399297.2744777774,72105769086579.98
Linen,Saint Lucia,399297.2744777774,149417964867703.53
Linen,Saint Pierre and Miquelon,399297.2744777774,19643382254804.0
Linen,Saint Vincent and the Grenadines,399297.2744777774,46811943165615.734
Linen,Samoa,399297.2744777774,31573473081824.0
Linen,Sao Tome and Principe,399297.2744777774,21639233927752.0
Linen,Saudi Arabia,399297.2744777775,7.222980822039603e+16
Linen,Senegal,399297.2744777774,1170006517011185.2
Linen,Serbia,399297.2744777774,1.0778944428504564e+16
Linen,Seychelles,399297.2744777774,139229412192567.98
Linen,Sierra Leone,399297.2744777774,30958210536028.0
Linen,Singapore,399297.2744777775,9560283782328968.0
Linen,Slovakia,399297.2744777775,2190833760289482.0
Linen,Slovenia,399297.2744777775,2145316095315415.5
Linen,Solomon Islands,399297.2744777774,35422615593937.984
Linen,Somalia,399297.2744777774,134247286211976.0
Linen,South Africa,399297.2744777775,1.1521926557721006e+17
Linen,South Korea,399297.2744777775,1.0971744229665392e+17
Linen,South Sudan,399297.2744777774,87182252547186.52
Linen,Spain,399297.2744777775,5.674576879529496e+16
Linen,Sri Lanka,399297.2744777775,1630792930242363.0
Linen,Sudan,399297.2744777774,1369327645276583.8
Linen,Suriname,399297.2744777774,380679143999825.7
Linen,Sweden,399297.2744777775,1343287224300699.5
Linen,Switzerland,399297.2744777775,223821259357917.8
Linen,Syria,399297.2744777774,1.080876656325014e+16
Linen,Taiwan,399297.2744777775,6.99342952553631e+16
Linen,Tajikistan,399297.2744777774,175352826832571.22
Linen,Tanzania,399297.2744777774,972972498782604.6
Linen,Thailand,399297.2744777775,4.232427907732368e+16
Linen,Togo,399297.2744777774,61461609648390.33
Linen,Tonga,399297.2744777774,21181538619294.0
Linen,Trinidad and Tobago,399297.2744777775,1706381230351681.8
Linen,Tunisia,399297.2744777774,5727665028167934.0
Linen,Turkey,399297.2744777775,4.950960816673742e+16
Linen,Turkmenistan,399297.2744777775,3788544528418667.5
Linen,Turks and Caicos Islands,399297.2744777774,75444693877789.98
Linen,Uganda,399297.2744777774,143785656440240.7
Linen,Ukraine,399297.2744777775,5.859046117970437e+16
Linen,United Arab Emirates,399297.2744777775,2.1999875436969916e+16
Linen,United Kingdom,399297.2744777775,1.2216987154565277e+17
Linen,United States,399297.2744777775,1.3685504732970598e+18
Linen,United States Virgin Islands,399297.2744777774,362182168441480.56
Linen,Uruguay,399297.2744777774,493712275083294.44
Linen,Uzbekistan,399297.2744777775,1.0934517789644594e+16
Linen,Vanuatu,399297.2744777774,22167244955729.547
Linen,Venezuela,399297.2744777775,7233275638004124.0
Linen,Vietnam,399297.2744777775,2.1003512052447696e+16
Linen,Western Sahara,399297.2744777774,19358260587240.0
Linen,Yemen,399297.2744777774,2184937204950101.8
Linen,Zambia,399297.2744777774,240377492645383.6
Linen,Zimbabwe,399297.2744777774,2065365747758044.8
Nylon,Afghanistan,399297.2744777774,74115594485538.47
Nylon,Albania,399297.2744777774,21095551928215.75
Nylon,Algeria,399297.2744777775,1.000136905360799e+16
Nylon,American Samoa,399297.2744777774,75609764321556.94
Nylon,Angola,399297.2744777774,757886443842481.2
Nylon,Antarctica,399297.2744777774,0.0
Nylon,Antigua and Barbuda,399297.2744777774,121364288766615.39
Nylon,Argentina,399297.2744777775,2.282246972410281e+16
Nylon,Armenia,399297.2744777774,835373472260206.1
Nylon,Aruba,399297.2744777774,358007769657513.94
Nylon,Australia,399297.2744777775,1.0098316528437136e+17
Nylon,Austria,399297.2744777775,4790085446956780.0
Nylon,Azerbaijan,399297.2744777775,4746781615584232.0
Nylon,Bahamas,399297.2744777774,831960242927454.8
Nylon,Bahrain,399297.2744777774,8219514681477133.0
Nylon,Bangladesh,399297.2744777775,9799486039641594.0
Nylon,Barbados,399297.2744777774,425790944203957.56
Nylon,Belarus,399297.2744777775,6752417372247102.0
Nylon,Belgium,399297.2744777775,7887431953511259.0
Nylon,Belize,399297.2744777774,14466863323437.469
Nylon,Benin,399297.2744777774,58254970354882.54
Nylon,Bermuda,399297.2744777774,289624274850523.56
Nylon,Bhutan,399297.2744777774,326314245345.29224
Nylon,Bolivia,399297.2744777774,1600074291696640.0
Nylon,Bosnia and Herzegovina,399297.2744777774,5141033039154948.0
Nylon,Botswana,399297.2744777774,773730219446467.1
Nylon,Brazil,399297.2744777775,2.0315135909143776e+16
Nylon,British Virgin Islands,399297.2744777774,53642533286158.234
Nylon,Brunei,399297.2744777774,1316302824765748.5
Nylon,Bulgaria,399297.2744777775,7656155428812847.0
Nylon,Burkina Faso,399297.2744777774,248659595927042.22
Nylon,Burundi,399297.2744777774,10061793584916.924
Nylon,Cambodia,399297.2744777774,749710866987677.2
Nylon,Cameroon,399297.2744777774,574759106056587.1
Nylon,Canada,399297.2744777775,6.725567235576736e+16
Nylon,Cayman Islands,399297.2744777774,248628270059617.3
Nylon,Central African Republic,399297.2744777774,7338131339335.385
Nylon,Chad,399297.2744777774,73808995894726.16
Nylon,Chile,399297.2744777775,9485482045364752.0
Nylon,China,399297.2744777775,1.2569574125903304e+18
Nylon,Colombia,399297.2744777775,3877166464673919.0
Nylon,Comoros,399297.2744777774,22322025290923.066
Nylon,Congo,399297.2744777774,265763406568655.03
Nylon,Cook Islands,399297.2744777774,12988042278516.92
Nylon,Costa Rica,399297.2744777774,168133684991652.6
Nylon,Croatia,399297.2744777775,1776005755855341.0
Nylon,Cuba,399297.2744777774,7132025981674134.0
Nylon,Cyprus,399297.2744777775,1147990030834849.2
Nylon,Czechia,399297.2744777775,1.731139609853988e+16
Nylon,Democratic Republic of Congo,399297.2744777774,8895451464673.6
Nylon,Denmark,399297.2744777775,6777377719489880.0
Nylon,Djibouti,399297.2744777774,98231917683618.45
Nylon,Dominica,399297.2744777774,26111142189046.152
Nylon,Dominican Republic,399297.2744777774,5813588972271730.0
Nylon,Ecuador,399297.2744777775,1755961663066037.2
Nylon,Egypt,399297.2744777775,3.2368997465921064e+16
Nylon,El Salvador,399297.2744777774,914746242003573.6
Nylon,Equatorial Guinea,399297.2744777774,209270967890083.06
Nylon,Eritrea,399297.2744777774,134169402985773.44
Nylon,Estonia,399297.2744777775,2547820284880808.5
Nylon,Ethiopia,399297.2744777774,27635342598322.832
Nylon,Falkland Islands,399297.2744777774,6167631861895.386
Nylon,Fiji,399297.2744777774,147137786875630.75
Nylon,Finland,399297.2744777775,6928863971132974.0
Nylon,France,399297.2744777775,1.4883646654223664e+16
Nylon,French Guiana,399297.2744777774,110825277693499.77
Nylon,French Polynesia,399297.2744777774,180872182071593.88
Nylon,Gabon,399297.2744777774,357508229258083.3
Nylon,Gambia,399297.2744777774,101582097277701.53
Nylon,Georgia,399297.2744777774,597748420197609.2
Nylon,Germany,399297.2744777775,2.001366070138316e+17
Nylon,Ghana,399297.2744777774,1199173916984701.5
Nylon,Gibraltar,399297.2744777774,71877221564843.45
Nylon,Greece,399297.2744777775,1.428253986617217e+16
Nylon,Greenland,399297.2744777774,63046403263700.9
Nylon,Grenada,399297.2744777774,81596981696689.2
Nylon,Guadeloupe,399297.2744777774,615532661097870.8
Nylon,Guam,399297.2744777774,775024158318864.5
Nylon,Guatemala,399297.2744777774,1785268803215598.2
Nylon,Guinea,399297.2744777774,261479078777606.1
Nylon,Guinea-Bissau,399297.2744777774,14113522545286.158
Nylon,Guyana,399297.2744777774,381612842452553.9
Nylon,Haiti,399297.2744777774,241643164363958.56
Nylon,Honduras,399297.2744777774,1509355382432545.2
Nylon,Hong Kong,399297.2744777775,9003281066162572.0
Nylon,Hungary,399297.2744777775,4765746851094303.0
Nylon,Iceland,399297.2744777775,834270286887.4551
Nylon,India,399297.2744777775,3.0410695604279136e+17
Nylon,Indonesia,399297.2744777775,4.990809048387103e+16
Nylon,Iran,399297.2744777775,5.824844757600956e+16
Nylon,Iraq,399297.2744777775,1.0816831316359788e+16
Nylon,Ireland,399297.2744777775,5775961363135310.0
Nylon,Israel,399297.2744777775,1.4358692077204136e+16
Nylon,Italy,399297.2744777775,8.665608905035691e+16
Nylon,Jamaica,399297.2744777774,2078408365483702.5
Nylon,Japan,399297.2744777775,3.063767742303087e+17
Nylon,Jordan,399297.2744777774,5063289905085473.0
Nylon,Kazakhstan,399297.2744777775,3.869196025086296e+16
Nylon,Kenya,399297.2744777774,788183735044839.9
Nylon,Kiribati,399297.2744777774,9506556653310.773
Nylon,Kosovo,399297.2744777774,1906273919360592.0
Nylon,Kuwait,399297.2744777775,1.1273031858847158e+16
Nylon,Kyrgyzstan,399297.2744777774,912357551879356.0
Nylon,Laos,399297.2744777774,1372502914036242.2
Nylon,Latvia,399297.2744777775,499636435181725.94
Nylon,Lebanon,399297.2744777774,5814592037323588.0
Nylon,Lesotho,399297.2744777774,0.0
Nylon,Liberia,399297.2744777774,119983699639378.47
Nylon,Libya,399297.2744777774,1.025123079200773e+16
Nylon,Lithuania,399297.2744777775,544051059617289.44
Nylon,Luxembourg,399297.2744777775,399944404080076.0
Nylon,Madagascar,399297.2744777774,389462117092744.2
Nylon,Malawi,399297.2744777774,67099984530346.16
Nylon,Malaysia,399297.2744777775,3.218423499211839e+16
Nylon,Maldives,399297.2744777774,151542166319587.7
Nylon,Mali,399297.2744777774,348897231994070.1
Nylon,Malta,399297.2744777774,864326420605781.8
Nylon,Martinique,399297.2744777774,624956682531618.5
Nylon,Mauritania,399297.2744777774,224770365226045.88
Nylon,Mauritius,399297.2744777774,915306557874396.0
Nylon,Mexico,399297.2744777775,7.112543747617432e+16
Nylon,Moldova,399297.2744777774,2929811411110844.5
Nylon,Mongolia,399297.2744777774,2535720282288493.5
Nylon,Montenegro,399297.2744777774,518218595682163.1
Nylon,Montserrat,399297.2744777774,8658694852344.613
Nylon,Morocco,399297.2744777775,6022062033346380.0
Nylon,Mozambique,399297.2744777774,350167824183234.94
Nylon,Namibia,399297.2744777774,22463859798730.324
Nylon,Nauru,399297.2744777774,12237722100670.771
Nylon,Nepal,399297.2744777774,4547840661961.106
Nylon,Netherlands,399297.2744777775,3.7426572007640104e+16
Nylon,Netherlands Antilles,399297.2744777774,427040677492178.0
Nylon,New Caledonia,399297.2744777774,805011015609360.0
Nylon,New Zealand,399297.2744777775,3315579307759085.0
Nylon,Nicaragua,399297.2744777774,899246477924911.5
Nylon,Niger,399297.2744777774,154681032554867.0
Nylon,Nigeria,399297.2744777774,7352720589338670.0
Nylon,Niue,399297.2744777774,1350576320123.0776
Nylon,North Korea,399297.2744777774,3893335847734665.5
Nylon,North Macedonia,399297.2744777775,0.0
Nylon,Norway,399297.2744777775,421606507783843.2
Nylon,Oman,399297.2744777775,4420087694091362.0
Nylon,Pakistan,399297.2744777775,1.6232310985027964e+16
Nylon,Palestine,399297.2744777774,162007031904043.56
Nylon,Panama,399297.2744777774,1228789237974792.2
Nylon,Papua New Guinea,399297.2744777774,986077924571738.9
Nylon,Paraguay,399297.2744777774,2093693424261.9006
Nylon,Peru,399297.2744777775,3046340742362653.0
Nylon,Philippines,399297.2744777775,1.4240671795072846e+16
Nylon,Poland,399297.2744777775,8.370285095375122e+16
Nylon,Portugal,399297.2744777775,8190450729133273.0
Nylon,Puerto Rico,399297.2744777774,9408272213214700.0
Nylon,Qatar,399297.2744777775,5640476156580022.0
Nylon,Reunion,399297.2744777774,801859670862406.4
Nylon,Romania,399297.2744777775,9491473562919020.0
Nylon,Russia,399297.2744777775,2.8627236588612077e+17
Nylon,Rwanda,399297.2744777774,68591384796308.2
Nylon,Saint Helena,399297.2744777774,3383944002086.154
Nylon,Saint Kitts and Nevis,399297.2744777774,72105769091015.39
Nylon,Saint Lucia,399297.2744777774,149417964876894.6
Nylon,Saint Pierre and Miquelon,399297.2744777774,19643382256012.305
Nylon,Saint Vincent and the Grenadines,399297.2744777774,46811943168495.25
Nylon,Samoa,399297.2744777774,31573473083766.16
Nylon,Sao Tome and Principe,399297.2744777774,21639233929083.08
Nylon,Saudi Arabia,399297.2744777775,7.222980822334022e+16
Nylon,Senegal,399297.2744777774,1170006517083155.0
Nylon,Serbia,399297.2744777774,1.0778944428504566e+16
Nylon,Seychelles,399297.2744777774,139229412201132.33
Nylon,Sierra Leone,399297.2744777774,30958210537932.316
Nylon,Singapore,399297.2744777775,9560283782624132.0
Nylon,Slovakia,399297.2744777775,2190833760313193.0
Nylon,Slovenia,399297.2744777775,2145316095317927.0
Nylon,Solomon Islands,399297.2744777774,35422615596116.914
Nylon,Somalia,399297.2744777774,134247286220233.8
Nylon,South Africa,399297.2744777775,1.152192655772753e+17
Nylon,South Korea,399297.2744777775,1.0971744229762827e+17
Nylon,South Sudan,399297.2744777774,87182252552549.27
Nylon,Spain,399297.2744777775,5.674576879601741e+16
Nylon,Sri Lanka,399297.2744777775,1630792930320388.2
Nylon,Sudan,399297.2744777774,1369327645345178.5
Nylon,Suriname,399297.2744777774,380679144023242.2
Nylon,Sweden,399297.2744777775,1343287224356683.5
Nylon,Switzerland,399297.2744777775,223821259371685.53
Nylon,Syria,399297.2744777774,1.080876656371223e+16
Nylon,Taiwan,399297.2744777775,6.993429525609496e+16
Nylon,Tajikistan,399297.2744777774,175352826843357.53
Nylon,Tanzania,399297.2744777774,972972498810414.8
Nylon,Thailand,399297.2744777775,4.232427907793846e+16
Nylon,Togo,399297.2744777774,61461609651631.92
Nylon,Tonga,399297.2744777774,21181538620596.926
Nylon,Trinidad and Tobago,399297.2744777775,1706381230392876.5
Nylon,Tunisia,399297.2744777774,5727665028259625.0
Nylon,Turkey,399297.2744777775,4.950960816719022e+16
Nylon,Turkmenistan,399297.2744777775,3788544528598825.0
Nylon,Turks and Caicos Islands,399297.2744777774,75444693882430.75
Nylon,Uganda,399297.2744777774,143785656449085.3
Nylon,Ukraine,399297.2744777775,5.859046118020671e+16
Nylon,United Arab Emirates,399297.2744777775,2.1999875437322136e+16
Nylon,United Kingdom,399297.2744777775,1.2216987154666277e+17
Nylon,United States,399297.2744777775,1.3685504733044677e+18
Nylon,United States Virgin Islands,399297.2744777774,362182168463759.1
Nylon,Uruguay,399297.2744777774,493712275105534.4
Nylon,Uzbekistan,399297.2744777775,1.093451778977358e+16
Nylon,Vanuatu,399297.2744777774,22167244957093.1
Nylon,Venezuela,399297.2744777775,7233275638119916.0
Nylon,Vietnam,399297.2744777775,2.1003512052610052e+16
Nylon,Western Sahara,399297.2744777774,19358260588430.773
Nylon,Yemen,399297.2744777774,2184937205066333.8
Nylon,Zambia,399297.2744777774,240377492651472.72
Nylon,Zimbabwe,399297.2744777774,2065365747758044.8
Polyester,Afghanistan,399297.2744777774,74115594490521.6
Polyester,Albania,399297.2744777774,21095551925793.504
Polyester,Algeria,399297.2744777775,1.000136905428043e+16
Polyester,American Samoa,399297.2744777774,75609764312875.2
Polyester,Angola,399297.2744777774,757886443825162.8
Polyester,Antarctica,399297.2744777774,0.0
Polyester,Antigua and Barbuda,399297.2744777774,121364288752679.98
Polyester,Argentina,399297.2744777775,2.282246972485617e+16
Polyester,Armenia,399297.2744777774,835373472316372.1
Polyester,Aruba,399297.2744777774,358007769616406.4
Polyester,Australia,399297.2744777775,1.0098316528842022e+17
Polyester,Austria,399297.2744777775,4790085447075178.0
Polyester,Azerbaijan,399297.2744777775,4746781615298782.0
Polyester,Bahamas,399297.2744777774,831960242831926.9
Polyester,Bahrain,399297.2744777774,8219514682027718.0
Polyester,Bangladesh,399297.2744777775,9799486039858030.0
Polyester,Barbados,399297.2744777774,425790944155067.06
Polyester,Belarus,399297.2744777775,6752417372701097.0
Polyester,Belgium,399297.2744777775,7887431953807063.0
Polyester,Belize,399297.2744777774,14466863321776.34
Polyester,Benin,399297.2744777774,58254970354913.17
Polyester,Bermuda,399297.2744777774,289624274817268.06
Polyester,Bhutan,399297.2744777774,326314245307.824
Polyester,Bolivia,399297.2744777774,1600074291804221.0
Polyester,Bosnia and Herzegovina,399297.2744777774,5141033039359615.0
Polyester,Botswana,399297.2744777774,773730219477269.4
Polyester,Brazil,399297.2744777775,2.031513590933783e+16
Polyester,British Virgin Islands,399297.2744777774,53642533279998.86
Polyester,Brunei,399297.2744777774,1316302824854249.2
Polyester,Bulgaria,399297.2744777775,7656155429108980.0
Polyester,Burkina Faso,399297.2744777774,248659595898490.47
Polyester,Burundi,399297.2744777774,10061793583761.6
Polyester,Cambodia,399297.2744777774,749710866965364.9
Polyester,Cameroon,399297.2744777774,574759106071030.2
Polyester,Canada,399297.2744777775,6.725567235802573e+16
Polyester,Cayman Islands,399297.2744777774,248628270031069.1
Polyester,Central African Republic,399297.2744777774,7338131338492.8
Polyester,Chad,399297.2744777774,73808995886251.2
Polyester,Chile,399297.2744777775,9485482045437468.0
Polyester,China,399297.2744777775,1.2569574126362834e+18
Polyester,Colombia,399297.2744777775,3877166464858199.5
Polyester,Comoros,399297.2744777774,22322025288359.984
Polyester,Congo,399297.2744777774,265763406576936.12
Polyester,Cook Islands,399297.2744777774,12988042277025.6
Polyester,Costa Rica,399297.2744777774,168133684972347.1
Polyester,Croatia,399297.2744777775,1776005755888078.0
Polyester,Cuba,399297.2744777774,7132025980977792.0
Polyester,Cyprus,399297.2744777775,1147990030703033.8
Polyester,Czechia,399297.2744777775,1.731139609912789e+16
Polyester,Democratic Republic of Congo,399297.2744777774,8895451463800.582
Polyester,Denmark,399297.2744777775,6777377719712768.0
Polyester,Djibouti,399297.2744777774,98231917672339.2
Polyester,Dominica,399297.2744777774,26111142186048.0
Polyester,Dominican Republic,399297.2744777774,5813588972033377.0
Polyester,Ecuador,399297.2744777775,1755961663025569.2
Polyester,Egypt,399297.2744777775,3.236899746669346e+16
Polyester,El Salvador,399297.2744777774,914746241898539.8
Polyester,Equatorial Guinea,399297.2744777774,209270967904153.3
Polyester,Eritrea,399297.2744777774,134169402970367.7
Polyester,Estonia,399297.2744777775,2547820284599755.0
Polyester,Ethiopia,399297.2744777774,27635342595149.668
Polyester,Falkland Islands,399297.2744777774,6167631861187.2
Polyester,Fiji,399297.2744777774,147137786858735.97
Polyester,Finland,399297.2744777775,6928863971218054.0
Polyester,France,399297.2744777775,1.488364665450207e+16
Polyester,French Guiana,399297.2744777774,110825277694143.77
Polyester,French Polynesia,399297.2744777774,180872182050825.6
Polyester,Gabon,399297.2744777774,357508229274888.0
Polyester,Gambia,399297.2744777774,101582097266037.6
Polyester,Georgia,399297.2744777774,597748420237798.6
Polyester,Germany,399297.2744777775,2.0013660702105136e+17
Polyester,Ghana,399297.2744777774,1199173917065327.5
Polyester,Gibraltar,399297.2744777774,71877221556590.3
Polyester,Greece,399297.2744777775,1.428253986651409e+16
Polyester,Greenland,399297.2744777774,63046403256461.75
Polyester,Grenada,399297.2744777774,81596981687320.0
Polyester,Guadeloupe,399297.2744777774,615532661027193.5
Polyester,Guam,399297.2744777774,775024158229874.0
Polyester,Guatemala,399297.2744777774,1785268803080366.2
Polyester,Guinea,399297.2744777774,261479078747582.34
Polyester,Guinea-Bissau,399297.2744777774,14113522543665.6
Polyester,Guyana,399297.2744777774,381612842408735.94
Polyester,Haiti,399297.2744777774,241643164336212.44
Polyester,Honduras,399297.2744777774,1509355382270425.0
Polyester,Hong Kong,399297.2744777775,9003281065128789.0
Polyester,Hungary,399297.2744777775,4765746851300143.0
Polyester,Iceland,399297.2744777775,834270286791.6621
Polyester,India,399297.2744777775,3.0410695605481805e+17
Polyester,Indonesia,399297.2744777775,4.990809048513447e+16
Polyester,Iran,399297.2744777775,5.8248447576514776e+16
Polyester,Iraq,399297.2744777775,1.0816831315961284e+16
Polyester,Ireland,399297.2744777775,5775961363297926.0
Polyester,Israel,399297.2744777775,1.435869207795881e+16
Polyester,Italy,399297.2744777775,8.665608905017448e+16
Polyester,Jamaica,399297.2744777774,2078408365304667.8
Polyester,Japan,399297.2744777775,3.063767742329901e+17
Polyester,Jordan,399297.2744777774,5063289905327748.0
Polyester,Kazakhstan,399297.2744777775,3.869196025223906e+16
Polyester,Kenya,399297.2744777774,788183734954338.4
Polyester,Kiribati,399297.2744777774,9506556652219.2
Polyester,Kosovo,399297.2744777774,1906273919436481.2
Polyester,Kuwait,399297.2744777775,1.1273031859605102e+16
Polyester,Kyrgyzstan,399297.2744777774,912357551908271.8
Polyester,Laos,399297.2744777774,1372502914090881.5
Polyester,Latvia,399297.2744777775,499636435213687.6
Polyester,Lebanon,399297.2744777774,5814592037095519.0
Polyester,Lesotho,399297.2744777774,0.0
Polyester,Liberia,399297.2744777774,119983699625601.6
Polyester,Libya,399297.2744777774,1.025123079256572e+16
Polyester,Lithuania,399297.2744777775,544051059635484.94
Polyester,Luxembourg,399297.2744777775,399944404104499.2
Polyester,Madagascar,399297.2744777774,389462117092362.06
Polyester,Malawi,399297.2744777774,67099984534857.6
Polyester,Malaysia,399297.2744777775,3.2184234993414216e+16
Polyester,Maldives,399297.2744777774,151542166302187.2
Polyester,Mali,399297.2744777774,348897231954008.75
Polyester,Malta,399297.2744777774,864326420528275.1
Polyester,Martinique,399297.2744777774,624956682459859.2
Polyester,Mauritania,399297.2744777774,224770365218059.5
Polyester,Mauritius,399297.2744777774,915306557814422.1
Polyester,Mexico,399297.2744777775,7.1125437475662376e+16
Polyester,Moldova,399297.2744777774,2929811411233672.0
Polyester,Mongolia,399297.2744777774,2535720282389441.0
Polyester,Montenegro,399297.2744777774,518218595702793.44
Polyester,Montserrat,399297.2744777774,8658694851350.399
Polyester,Morocco,399297.2744777775,6022062033481032.0
Polyester,Mozambique,399297.2744777774,350167824143027.7
Polyester,Namibia,399297.2744777774,22463859798681.383
Polyester,Nauru,399297.2744777774,12237722099265.598
Polyester,Nepal,399297.2744777774,4547840661438.911
Polyester,Netherlands,399297.2744777775,3.742657200934062e+16
Polyester,Netherlands Antilles,399297.2744777774,427040677443144.0
Polyester,New Caledonia,399297.2744777774,805011015516926.4
Polyester,New Zealand,399297.2744777775,3315579307891952.5
Polyester,Nicaragua,399297.2744777774,899246477841320.8
Polyester,Niger,399297.2744777774,154681032544069.5
Polyester,Nigeria,399297.2744777774,7352720589833028.0
Polyester,Niue,399297.2744777774,1350576319968.0
Polyester,North Korea,399297.2744777774,3893335847889659.5
Polyester,North Macedonia,399297.2744777775,0.0
Polyester,Norway,399297.2744777775,421606507811996.0
Polyester,Oman,399297.2744777775,4420087694388544.5
Polyester,Pakistan,399297.2744777775,1.6232310984180142e+16
Polyester,Palestine,399297.2744777774,162007031885441.47
Polyester,Panama,399297.2744777774,1228789237942857.5
Polyester,Papua New Guinea,399297.2744777774,986077924513322.0
Polyester,Paraguay,399297.2744777774,2093693424021.4968
Polyester,Peru,399297.2744777775,3046340742563278.0
Polyester,Philippines,399297.2744777775,1.4240671795353738e+16
Polyester,Poland,399297.2744777775,8.37028509568928e+16
Polyester,Portugal,399297.2744777775,8190450729358639.0
Polyester,Puerto Rico,399297.2744777774,9408272212134414.0
Polyester,Qatar,399297.2744777775,5640476156959256.0
Polyester,Reunion,399297.2744777774,801859670770334.4
Polyester,Romania,399297.2744777775,9491473563290826.0
Polyester,Russia,399297.2744777775,2.862723658986393e+17
Polyester,Rwanda,399297.2744777774,68591384790327.516
Polyester,Saint Helena,399297.2744777774,3383944001697.6
Polyester,Saint Kitts and Nevis,399297.2744777774,72105769082735.98
Polyester,Saint Lucia,399297.2744777774,149417964859737.94
Polyester,Saint Pierre and Miquelon,399297.2744777774,19643382253756.8
Polyester,Saint Vincent and the Grenadines,399297.2744777774,46811943163120.164
Polyester,Samoa,399297.2744777774,31573473080140.8
Polyester,Sao Tome and Principe,399297.2744777774,21639233926598.4
Polyester,Saudi Arabia,399297.2744777775,7.222980822104328e+16
Polyester,Senegal,399297.2744777774,1170006516948811.5
Polyester,Serbia,399297.2744777774,1.0778944428933676e+16
Polyester,Seychelles,399297.2744777774,139229412185145.58
Polyester,Sierra Leone,399297.2744777774,30958210534377.6
Polyester,Singapore,399297.2744777775,9560283782698292.0
Polyester,Slovakia,399297.2744777775,2190833760375797.8
Polyester,Slovenia,399297.2744777775,2145316095404764.5
Polyester,Solomon Islands,399297.2744777774,35422615592049.586
Polyester,Somalia,399297.2744777774,134247286204819.2
Polyester,South Africa,399297.2744777775,1.152192655817137e+17
Polyester,South Korea,399297.2744777775,1.0971744230112757e+17
Polyester,South Sudan,399297.2744777774,87182252542538.77
Polyester,Spain,399297.2744777775,5.674576879753274e+16
Polyester,Sri Lanka,399297.2744777775,1630792930189167.0
Polyester,Sudan,399297.2744777774,1369327645250506.5
Polyester,Suriname,399297.2744777774,380679143979531.56
Polyester,Sweden,399297.2744777775,1343287224281303.0
Polyester,Switzerland,399297.2744777775,223821259345985.75
Polyester,Syria,399297.2744777774,1.080876656328244e+16
Polyester,Taiwan,399297.2744777775,6.993429525789594e+16
Polyester,Tajikistan,399297.2744777774,175352826823223.06
Polyester,Tanzania,399297.2744777774,972972498826884.6
Polyester,Thailand,399297.2744777775,4.232427907986407e+16
Polyester,Togo,399297.2744777774,61461609646731.37
Polyester,Tonga,399297.2744777774,21181538618164.8
Polyester,Trinidad and Tobago,399297.2744777775,1706381230452078.8
Polyester,Tunisia,399297.2744777774,5727665028644722.0
Polyester,Turkey,399297.2744777775,4.950960816936188e+16
Polyester,Turkmenistan,399297.2744777775,3788544528375402.0
Polyester,Turks and Caicos Islands,399297.2744777774,75444693873767.98
Polyester,Uganda,399297.2744777774,143785656432575.4
Polyester,Ukraine,399297.2744777775,5.859046118200233e+16
Polyester,United Arab Emirates,399297.2744777775,2.19998754388011e+16
Polyester,United Kingdom,399297.2744777775,1.2216987155156886e+17
Polyester,United States,399297.2744777775,1.3685504733608543e+18
Polyester,United States Virgin Islands,399297.2744777774,362182168422172.4
Polyester,Uruguay,399297.2744777774,493712275081369.56
Polyester,Uzbekistan,399297.2744777775,1.0934517790340974e+16
Polyester,Vanuatu,399297.2744777774,22167244954547.8
Polyester,Venezuela,399297.2744777775,7233275638606243.0
Polyester,Vietnam,399297.2744777775,2.1003512053521348e+16
Polyester,Western Sahara,399297.2744777774,19358260586208.0
Polyester,Yemen,399297.2744777774,2184937204888144.8
Polyester,Zambia,399297.2744777774,240377492645735.2
Polyester,Zimbabwe,399297.2744777774,2065365747840267.0
